{
  "config": {
    "model_name": "allenai/longformer-base-4096",
    "max_length": 2048,
    "batch_size": 4,
    "learning_rate": 2e-05,
    "num_epochs": 6,
    "use_focal_loss": true,
    "focal_gamma": 2.0,
    "use_class_weights": true
  },
  "best_epoch": 6,
  "best_val_metric": 0.7080669710806697,
  "test_metrics": {
    "accuracy": 0.7651245551601423,
    "f1_macro": 0.6271601113373265,
    "f1_weighted": 0.7573535410937997,
    "precision_absolutist": 0.6716417910447762,
    "recall_absolutist": 0.5921052631578947,
    "f1_absolutist": 0.6293706293706294,
    "support_absolutist": 76,
    "precision_evaluativist": 0.8048780487804879,
    "recall_evaluativist": 0.868421052631579,
    "f1_evaluativist": 0.8354430379746836,
    "support_evaluativist": 190,
    "precision_multiplist": 0.5555555555555556,
    "recall_multiplist": 0.3333333333333333,
    "f1_multiplist": 0.4166666666666667,
    "support_multiplist": 15,
    "ece": 0.09427214899097047
  },
  "training_history": [
    {
      "epoch": 1,
      "train_loss": 0.4735311422091967,
      "accuracy": 0.27402135231316727,
      "f1_macro": 0.28729330572808837,
      "f1_weighted": 0.3379583416222748,
      "precision_absolutist": 0.6896551724137931,
      "recall_absolutist": 0.2631578947368421,
      "f1_absolutist": 0.38095238095238093,
      "support_absolutist": 76,
      "precision_evaluativist": 0.7,
      "recall_evaluativist": 0.22105263157894736,
      "f1_evaluativist": 0.336,
      "support_evaluativist": 190,
      "precision_multiplist": 0.078125,
      "recall_multiplist": 1.0,
      "f1_multiplist": 0.14492753623188406,
      "support_multiplist": 15,
      "ece": 0.21938022515103484
    },
    {
      "epoch": 2,
      "train_loss": 0.3422973414637321,
      "accuracy": 0.7437722419928826,
      "f1_macro": 0.5480743508140767,
      "f1_weighted": 0.6987251740335151,
      "precision_absolutist": 0.8695652173913043,
      "recall_absolutist": 0.2631578947368421,
      "f1_absolutist": 0.40404040404040403,
      "support_absolutist": 76,
      "precision_evaluativist": 0.7419354838709677,
      "recall_evaluativist": 0.968421052631579,
      "f1_evaluativist": 0.8401826484018264,
      "support_evaluativist": 190,
      "precision_multiplist": 0.5,
      "recall_multiplist": 0.3333333333333333,
      "f1_multiplist": 0.4,
      "support_multiplist": 15,
      "ece": 0.0724677515623832
    },
    {
      "epoch": 3,
      "train_loss": 0.2019946629786615,
      "accuracy": 0.7615658362989324,
      "f1_macro": 0.6478921317630996,
      "f1_weighted": 0.7625133702507138,
      "precision_absolutist": 0.6623376623376623,
      "recall_absolutist": 0.6710526315789473,
      "f1_absolutist": 0.6666666666666666,
      "support_absolutist": 76,
      "precision_evaluativist": 0.8297872340425532,
      "recall_evaluativist": 0.8210526315789474,
      "f1_evaluativist": 0.8253968253968254,
      "support_evaluativist": 190,
      "precision_multiplist": 0.4375,
      "recall_multiplist": 0.4666666666666667,
      "f1_multiplist": 0.45161290322580644,
      "support_multiplist": 15,
      "ece": 0.06767655946181761
    },
    {
      "epoch": 4,
      "train_loss": 0.08630943407310603,
      "accuracy": 0.7508896797153025,
      "f1_macro": 0.679666239540324,
      "f1_weighted": 0.7596300566593974,
      "precision_absolutist": 0.6,
      "recall_absolutist": 0.8289473684210527,
      "f1_absolutist": 0.6961325966850829,
      "support_absolutist": 76,
      "precision_evaluativist": 0.8961038961038961,
      "recall_evaluativist": 0.7263157894736842,
      "f1_evaluativist": 0.8023255813953488,
      "support_evaluativist": 190,
      "precision_multiplist": 0.45454545454545453,
      "recall_multiplist": 0.6666666666666666,
      "f1_multiplist": 0.5405405405405406,
      "support_multiplist": 15,
      "ece": 0.06207712731751682
    },
    {
      "epoch": 5,
      "train_loss": 0.041894932102579344,
      "accuracy": 0.7900355871886121,
      "f1_macro": 0.6723435991927701,
      "f1_weighted": 0.7838433789000477,
      "precision_absolutist": 0.6956521739130435,
      "recall_absolutist": 0.631578947368421,
      "f1_absolutist": 0.6620689655172414,
      "support_absolutist": 76,
      "precision_evaluativist": 0.8275862068965517,
      "recall_evaluativist": 0.8842105263157894,
      "f1_evaluativist": 0.8549618320610687,
      "support_evaluativist": 190,
      "precision_multiplist": 0.6666666666666666,
      "recall_multiplist": 0.4,
      "f1_multiplist": 0.5,
      "support_multiplist": 15,
      "ece": 0.04341954650403764
    },
    {
      "epoch": 6,
      "train_loss": 0.017533453035821447,
      "accuracy": 0.7900355871886121,
      "f1_macro": 0.7080669710806697,
      "f1_weighted": 0.7862881199789502,
      "precision_absolutist": 0.6857142857142857,
      "recall_absolutist": 0.631578947368421,
      "f1_absolutist": 0.6575342465753424,
      "support_absolutist": 76,
      "precision_evaluativist": 0.83,
      "recall_evaluativist": 0.8736842105263158,
      "f1_evaluativist": 0.8512820512820513,
      "support_evaluativist": 190,
      "precision_multiplist": 0.7272727272727273,
      "recall_multiplist": 0.5333333333333333,
      "f1_multiplist": 0.6153846153846154,
      "support_multiplist": 15,
      "ece": 0.06442428038213602
    }
  ],
  "confusion_matrix": [
    [
      45,
      31,
      0
    ],
    [
      21,
      165,
      4
    ],
    [
      1,
      9,
      5
    ]
  ],
  "temperature": 1.088931918144226
}